-- insert, update, delete
[ Lecture ]

insert into lecture(class_code, user_code, major, department, class_name, classification, credit, classroom, information) VALUES('AWDS1254','3','건축학과','공과대학','컴퓨터활용','선택전공','2','교육관202호','컴퓨터활용능력 관련 자격증 취득');
insert into lecture(class_code, user_code, major, department, class_name, classification, credit, classroom, information) VALUES('FQWE1525','4','신소재공학과','공과대학','물리화학Ⅰ','필수전공','3','공학관201호','물리화학1 강의');
insert into lecture(class_code, user_code, major, department, class_name, classification, credit, classroom, information) VALUES('GQEQ6432','5','신소재공학과','공과대학','물리화학Ⅱ','필수전공','3','공학관202호','물리화학2 강의');
insert into lecture(class_code, user_code, major, department, class_name, classification, credit, classroom, information) VALUES('GWEE3467','6','신소재공학과','공과대학','재료구조물성','필수전공','3','공학관203호','재료과학과 공학 챕터 1부터 7까지 핵심적인 내용');
insert into lecture(class_code, user_code, major, department, class_name, classification, credit, classroom, information) VALUES('GDFG6342','7','화학공학과','공과대학','화학공학개론','필수전공','3','화학관512호','화학공학 기술자가 되기 위한 기초 내용');
insert into lecture(class_code, user_code, major, department, class_name, classification, credit, classroom, information) VALUES('WRHW3743','8','기계공학과','공과대학','기계공학의이해','선택전공','3','공학관302호','이 교과목은 공학의 발달사, 기계공학의 범위, 기계공학의 각 분야별 내용 및 특성의 개략적인 소개를 통하여 공학과 기계공학에 대해 이해하도록 강의한다.');
insert into lecture(class_code, user_code, major, department, class_name, classification, credit, classroom, information) VALUES('REDH6234','9','전기전자공학과','공과대학','전기전자공학','필수전공','3','공학관102호','본 강의에서는 자연계에서 발생하는 현상 중 전자와 관련한 내용을 다루는 분야로 전기전자공학의 기초 회로이론, 회로구성요소(R, L, C), 증폭기, 반도체 소자를 이용한 회로의 구성 방법 및 특성을 이해을 이해하고자 한다.');
insert into lecture(class_code, user_code, major, department, class_name, classification, credit, classroom, information) VALUES('HERG2633','10','국제통상학과','경영대학','국제통상의 이해','선택전공','3','인문관402호','국제통상의 전체적 이해를 위한 기초 과목으로 근대화의 역사, 세계화를 포괄적으로 이해한다. 국제무역의 이론과 정책, 통상협상, 국제경영의 다양한 해석을 기초 수준에서 배운다.');
insert into lecture(class_code, user_code, major, department, class_name, classification, credit, classroom, information) VALUES('RJTR6237','11','경제학과','경영대학','경제학원론1','전공필수','3','인문관102호','경제이론의 전 분야를 소개하고 기초적인 경제이론을 미시경제학과 거시경제학으로 구분하여 경제학을 처음 배우는 학생들의 경제학에 대한 체계확립과 폭넓은 이해력과 통찰력을 길러 이론 전개력을 가질 수 있도록 한다.');
insert into lecture(class_code, user_code, major, department, class_name, classification, credit, classroom, information) VALUES('HUKL3674','12','마케팅학과','경영대학','마케팅의 이해','필수전공','3','교육관602호','본 과목은 사회과학 분야에서 다양한 형태로 진행되는 마케팅 관련 과목들의 선수과목으로서 성격을 갖고 있다. 따라서 마케팅에 대해서 잘 모르는 학생들이 교양 관점에서 개념에 대한 이해와 기초적인 활용에 관점을 두고 강의가 진행이 된다. 본 과목을 이수함으로써 학생들은 각 학과에서 기업과 관련되어 진행되는 경영활동의 하나인 마케팅에 대한 이해, 학과에 따라서 마케팅 관련 과목이 있는 경우 개괄적인 마케팅에 대한 이해를 하는데 도움이 된다. 학생들은 본 과목을 듣고 학과에서 진행되는 마케팅 관련 과목들을 듣는다면 체계적인 마케팅 지식을 함양할 수 있을 것이다.');
insert into lecture(class_code, user_code, major, department, class_name, classification, credit, classroom, information) VALUES('SBER2458','13','호텔관광경영학과','경영대학','호텔관광마케팅','필수전공','3','인문관402호','현대 마케팅관리의 제 기법을 바탕으로 관광시장의 형태, 규모, 조사방법, 시장계획, 시장선전을 행할 수 있는 이론적 기초를 체계적으로 연구하며 일반 마케팅 이론을 산업의 특수성과 연관 지어서 호텔업 측면에서의 시장, 고객, 경쟁자의 조사분석방법을 연구하고 과학적 예측 및 대책수립 능력을 배양한다.');
insert into lecture(class_code, user_code, major, department, class_name, classification, credit, classroom, information) VALUES('SRHR7345','14','정보시스템경영학과','경영대학','경영정보시스템','선택전공','3','교육관302호','기업에서 활용되는 정보기술에 대한 이해를 바탕으로 정보기술과 경영전략과의 관계를 이해한다.');
insert into lecture(class_code, user_code, major, department, class_name, classification, credit, classroom, information) VALUES('DFGS3464','15','미디어커뮤니케이션학과','경영대학','방송 원론','필수전공','3','교육관702호','<방송원론>은 방송이 지닌 기본적인 속성과 함께 변해가는 모습을 함께 알아보는 목적을 갖는다. 하지만 방송에 대한 이해가 강의 목적 전부는 아니다. 방송의 세계를 알아보는 것을 넘어서서 방송계, 방송 산업은 과연 나의 일상과 어떤 관계를 맺는지, 미디어 산업에 종사할 준비를 하는 나는 방송에 대해 어떤 태도를 지닐 지를 고민하는 목적도 동시에 지닌다. 방송이 다른 매체와 갖는 관계를 어떻게 이해해야 하는가까지 고민하며 미디어 생태계를 정리하는 목적도 갖는다. 뿐만 아니라 언론학과 사회이론, 문화이론 등을 방송과 접목시킴으로써 방송의 사회성을 체계화하여 학문적으로 설명하는 이론들을 숙지하는 기회도 가질 것이다.');
insert into lecture(class_code, user_code, major, department, class_name, classification, credit, classroom, information) VALUES('WGEA1612','16','영어영문학과','인문대학','영문학개론','선택전공','3','벤쳐관505호','This course introduces the background and the beginnings of English literature and a chronological genre surbey of English literature with reference to major authors.');
insert into lecture(class_code, user_code, major, department, class_name, classification, credit, classroom, information) VALUES('ERHR1633','17','철학과','인문대학','글로벌인문학','선택전공','3','벤쳐관105호','이 강좌는 대학생들이 갖추어야 할 기본적인 인문학적 소양을 함양시키는데 그 목적이 있다. 이 강좌는 인간의 본성에 대한 깊이 있는 이해, 사회와 세계에 대한 포괄적 성찰, 공유 가능한 인류 문명의 자산에 대한 사유체험, 과거와 미래, 전통과 역사에 대한 성찰적 전망, 자신을 표현할 수 있는 논리력과 표현능력, 지구촌의 사람들과 보편적 가치를 가지고 소통할 수 있는 소통능력, 지구촌에서 인류애(humanitas)를 실현할 수 있는 실천능력 등을 계발하는데 그 목적이 있다. 이를 위해 매 학기 새로운 하나의 대(大) 주제가 설정되고 그 아래 여러 가지 하부주제들이 다루어지고, 그 주제는 철학, 역사, 사회, 정치, 문학, 예술, 문화, 종교, 문명, 자연과학, 인간본성, 동서정신세계의 비교 등 다양한 영역에서 포괄적으로 다루어질 것이다.');
insert into lecture(class_code, user_code, major, department, class_name, classification, credit, classroom, information) VALUES('SHRR2463','18','사학과','인문대학','한국철학사','선택전공','3','벤쳐관205호','한국에서의 철학적 사유의 전개과정에 대한 소개');
insert into lecture(class_code, user_code, major, department, class_name, classification, credit, classroom, information) VALUES('ERHE2363','19','신문방송학과','인문대학','신문방송학개론','필수전공','3','벤쳐관305호','이 수업은 커뮤니케이션 현상의 본질에 대한 이해를 도모함으로써 사회 속에서 나타나는 다양한 커뮤니케이션의 양태와 속성을 파악하기 위한 기본 지식의 함양을 기본적인 목표로 한다. 구체적으로 커뮤니케이션의 본질에 대한 고민, 좋은 커뮤니케이터가 갖추어야 할 조건과 커뮤니케이션 유형, 매스미디어에 대한 이해, 메시지의 특성 및 해독 등에 대해 다룬다.');
insert into lecture(class_code, user_code, major, department, class_name, classification, credit, classroom, information) VALUES('HASS6132','20','언어인지과학과','인문대학','언어와 인지','선택전공','3','벤쳐관405호','언어와 인지>는 언어의 내재적 특징과 인지구조의 관계를 인지과학적인 견지에서 검토한다. 첫째, 언어 정보를 이해하고 발화하는 언어 처리의 기제를 언어심리학과 인지과학의 측면에서 논의하고, 특히 내러티브의 총체적, 지엽적 구조가 인지과학의 이론에 의해 어떤 관계를 갖는지 대한 논의를 한다. 둘째, 언어를 습득하거나, 장애를 겪는 인간의 인지적 경험이 마음 (mind/brain) 속에 어떻게 발생하는지에 대해 신경과학적인 관점에서 검토하고, 셋째, 그러한 경험을 가능하게 하는 언어능력(language faculty)이 어떠한 표상 구조로 되어 있는지에 대해 현대언어학, 인지언어학, 문화인류학의 상호보완적 측면에서 검토한다.');

INSERT INTO user (user_code, user_password, user_type, user_name, gender, phone, email) VALUES
(1, 'password1', '교수', '김교수', '남', '010-1111-1111', 'kimprofessor@gmail.com'),
(2, 'password2', '교수', '이교수', '남', '010-2222-2222', 'leeprofessor@gmail.com'),
(3, 'password3', '교수', '박교수', '여', '010-3333-3333', 'parkprofessor@gmail.com'),
(4, 'password4', '교수', '최교수', '여', '010-4444-4444', 'choiprofessor@gmail.com'),
(5, 'password5', '교수', '양교수', '남', '010-5555-5555', 'yangprofessor@gmail.com'),
(6, 'password6', '교수', '홍교수', '여', '010-6666-6666', 'hongprofessor@gmail.com'),
(7, 'password7', '교수', '차교수', '남', '010-7777-7777', 'chaprofessor@gmail.com'),
(8, 'password8', '교수', '문교수', '여', '010-8888-8888', 'moonprofessor@gmail.com'),
(9, 'password9', '교수', '강교수', '여', '010-9999-9999', 'kangprofessor@gmail.com').
(10, 'password10', '교수', '백교수', '남', '010-1212-1212', 'backofessor@gmail.com'),
(11, 'password11', '교수', '조교수', '남', '010-1313-1313', 'joprofessor@gmail.com'),
(12, 'password12', '교수', '신교수', '여', '010-1414-1414', 'shinprofessor@gmail.com'),
(13, 'password13', '교수', '권교수', '남', '010-1515-1515', 'kwonprofessor@gmail.com'),
(14, 'password14', '교수', '정교수', '여', '010-1616-1616', 'jeongprofessor@gmail.com'),
(15, 'password15', '교수', '장교수', '남', '010-1717-1717', 'jangprofessor@gmail.com'),
(16, 'password16', '교수', '연교수', '남', '010-1818-1818', 'yeonprofessor@gmail.com'),
(17, 'password17', '교수', '화교수', '남', '010-1919-1919', 'hwaprofessor@gmail.com'),
(18, 'password18', '교수', '도교수', '여', '010-2020-2020', 'doprofessor@gmail.com'),
(19, 'password19', '교수', '마교수', '여', '010-2121-2121', 'maprofessor@gmail.com'),
(20, 'password20', '교수', '모교수', '남', '010-2323-2323', 'moprofessor@gmail.com');


INSERT INTO user (user_code, user_password, user_type, user_name, gender, phone, address, address_code, birth_date, account, bank_office, bank_name, email, admission_date, admission_type, dep_name, main_major, sub_major, graduate, degree, semester)
VALUES

--

INSERT INTO user (user_code, user_password, user_type, user_name, gender, phone, address, address_code, birth_date, account, bank_office, bank_name, email, admission_date, admission_type, dep_name, main_major, sub_major, degree, semester) VALUES
    (21, 'password1', '학생', '홍길동', 'M', '010-1234-5678', '서울특별시 강남구', '123-456', '2000-01-01', '123-456-789', '신한은행', '홍길동', 'hong@example.com', '2020-03-01', '수시', '컴퓨터공학과', '컴퓨터공학', '소프트웨어공학', '학사', '4학기'),
    (22, 'password2', '학생', '이순신', 'M', '010-2345-6789', '서울특별시 서초구', '234-567', '2001-02-02', '234-567-890', '신한은행', '이순신', 'lee@example.com', '2020-03-01', '정시', '전자공학과', '전자공학', '반도체공학', '학사', '3학기');

INSERT INTO user (user_code, user_password, user_type, user_name, gender, phone, address, address_code, birth_date, account, bank_office, bank_name, email, admission_date, admission_type, dep_name, main_major, degree, semester)
VALUES
    (23, 'password3', '학생', '유관순', 'F', '010-3456-7890', '경기도 성남시', '345-678', '2002-03-03', '345-678-901', '신한은행', '유관순', 'yu@example.com', '2021-03-01', '수시', '경영학과', '경영학', '학사', '2학기');

INSERT INTO user (user_code, user_password, user_type, user_name, gender, phone, address, address_code, birth_date, account, bank_office, bank_name, email, admission_date, admission_type, dep_name, main_major, sub_major, degree, semester)
VALUES
    (24, 'password4', '학생', '강감찬', 'M', '010-4567-8901', '경기도 용인시', '456-789', '2003-04-04', '456-789-012', '신한은행', '강감찬', 'kang@example.com', '2021-03-01', '정시', '전기공학과', '전기공학', '전력시스템공학', '학사', '1학기'),
    (25, 'password5', '학생', '신사임당', 'F', '010-5678-9012', '서울특별시 송파구', '567-890', '2004-05-05', '567-890-123', '하나은행', '신사임당', 'shin@example.com', '2022-03-01', '수시', '전기공학과', '전기공학', '전력시스템공학', '학사', '1학기');

*** 

INSERT INTO user (user_code, user_password, user_type, user_name, gender, phone, address, address_code, birth_date, account, bank_office, bank_name, email, admission_date, admission_type, dep_name, main_major, sub_major, degree, semester) VALUES
    (26, 'password1', '학생', '강민호', 'M', '010-1234-5678', '서울특별시 강남구', '123-456', '2000-01-01', '123-456-789', '국민은행 ', '강민호', 'kang@example.com', '2020-03-01', '수시', '컴퓨터공학과', '컴퓨터공학', '소프트웨어공학', '학사', '4학기'),
    (27, 'password2', '학생', '최윤호', 'M', '010-2345-6789', '서울특별시 서초구', '234-567', '2001-02-02', '234-567-890', '우리은행', '최윤호', 'choi@example.com', '2020-03-01', '정시', '전자공학과', '전자공학', '반도체공학', '학사', '3학기'),
    (28, 'password3', '학생', '홍현희', 'F', '010-3456-7890', '경기도 성남시', '345-678', '2002-03-03', '345-678-901', '신한은행', '홍현희', 'yu@example.com', '2021-03-01', '수시', '경영학과', '경영학', '생명공학', , '학사', '2학기'),
    (29, 'password4', '학생', '김민국', 'M', '010-4567-8901', '경기도 용인시', '456-789', '2003-04-04', '456-789-012', '하나은행', '김민국', 'kang@example.com', '2021-03-01', '정시', '전기공학과', '전기공학', '전력시스템공학', '학사', '1학기'),
    (30, 'password5', '학생', '박소영', 'F', '010-5678-9012', '서울특별시 송파구', '567-890', '2004-05-05', '567-890-123', '기업은행', 'park@example.com', '2018-05-01', '정시', '경영학과' , '생명공학과' , '에너지공학과'. '학사', '2학기'),
   
    (31, 'password5', '학생', '김민준', 'F', '010-1234-5678', '서울특별시 송파구', '567-890', '2004-05-05', '567-890-123', '신한은행', 'min@example.com', '2018-05-01', '정시', '경영학과' , '국제통상학과' , '회계학과'. '학사', '2학기'),
    (32, 'password5', '학생', '이예준', 'F', '010-9876-5432', '서울특별시 송파구', '567-890', '2004-05-05', '243-890-123', '국민은행', 'ye@example.com', '2018-05-01', '정시', '경영학과' , '국제통상학과' , '회계학과'. '학사', '2학기'),
    (33, 'password5', '학생', '박서윤', 'F', '010-2468-1357', '서울특별시 송파구', '567-890', '2004-05-05', '527-353-143', '국민은행', 'seo@example.com', '2018-05-01', '정시', '경영학과' , '경제학과' , '회계학과'. '학사', '2학기'),
    (34, 'password5', '학생', '최민서', 'F', '010-3698-1478', '서울특별시 송파구', '567-890', '2004-05-05', '567-131-532', '하나은행', 'minseo@example.com', '2018-05-01', '정시', '경영학과' , '경제학과' , '스포츠경영학과'. '학사', '4학기'),
    (35, 'password5', '학생', '정수민', 'F', '010-6543-2109', '서울특별시 송파구', '567-890', '2004-05-05', '542-342-423', '신한은행', 'soo@example.com', '2018-05-01', '정시', '경영학과' , '회계학과' , '정보시스템경영학과'. '학사', '4학기'),
    (36, 'password5', '학생', '강지우', 'F', '010-8765-4321', '서울특별시 송파구', '567-890', '2004-05-05', '567-890-545', '국민은행', 'jiwoo@example.com', '2018-05-01', '수시', '경영학과' , '마케팅학과' , '스포츠경영학과'. '학사', '2학기'),

    (37, 'password5', '학생', '유은서', 'F', '010-5432-1987', '서울특별시 송파구', '567-890', '2002-05-07', '567-890-123', '기업은행', 'eun@example.com', '2018-05-01', '정시', '인문대학' , '국어국문학과' , '영어영문학과'. '학사', '5학기'),
    (38, 'password5', '학생', '홍지민', 'F', '010-7412-9865', '서울특별시 송파구', '567-890', '2002-05-09', '567-890-232', '국민은행', 'ji@example.com', '2018-05-01', '정시', '인문대학' , '영어영문학과' , '국어국문학과'. '학사', '6학기'),
    (39, 'password5', '학생', '송지우', 'F', '010-8956-2357', '서울특별시 송파구', '567-890', '2002-03-23', '567-425-323', '신한은행', 'jiho@example.com', '2018-05-01', '수시', '인문대학' , '일어일문학과' , '영어영문학과'. '학사', '5학기'),
    (40, 'password5', '학생', '임지호', 'F', '010-3456-7890', '서울특별시 송파구', '567-890', '2004-05-21', '423-423-342', '기업은행', 'jiyu@example.com', '2018-05-01', '수시', '인문대학' , '중어중문학과' , '일어일문학과'. '학사', '5학기'),
    (41, 'password5', '학생', '김지유', 'F', '010-7890-1234', '서울특별시 송파구', '567-890', '2004-07-16', '574-152-123', '하나은행', 'jiyu@example.com', '2018-05-01', '정시', '인문대학' , '철학과' , '중어중문학과'. '학사', '4학기'),
    (42, 'password5', '학생', '박지호', 'F', '010-1357-2468', '서울특별시 송파구', '567-890', '2002-04-14', '164-414-123', '기업은행', 'jiho@example.com', '2018-05-01', '수시', '인문대학' , '신문방송학과' , '철학과'. '학사', '4학기'),
    (43, 'password5', '학생', '김소유', 'F', '010-2580-1478', '서울특별시 송파구', '567-890', '2004-08-05', '163-573-253', '신한은행', 'soyu@example.com', '2018-05-01', '수시', '인문대학' , '신문방송학과' , '사학과'. '학사', '3학기'),
    (44, 'password5', '학생', '서현우', 'F', '010-9512-4680', '서울특별시 송파구', '567-890', '2002-12-05', '567-663-653', '국민은행', 'hyun@example.com', '2018-05-01', '정시', '인문대학' , '문화인류학과' , '신문방송학과'. '학사', '2학기'),
    (45, 'password5', '학생', '최은서', 'F', '010-8642-5791', '서울특별시 송파구', '567-890', '2004-05-05', '567-433-623', '하나은행', 'eunseo@example.com', '2018-05-01', '정시', '인문대학' , '한국어교육학과' , '문화인류학과'. '학사', '2학기'),

    (46, 'password5', '학생', '이영준', 'F', '010-2468-1357', '서울특별시 송파구', '567-890', '2004-09-28', '423-524-213', '국민은행', 'yeong@example.com', '2018-05-01', '수시', '경영학과' , '생명공학과' , '에너지공학과'. '학사', '2학기'),
    (47, 'password5', '학생', '장서윤', 'F', '010-7890-3214', '서울특별시 송파구', '567-890', '2003-10-02', '253-353-314', '신한은행', 'seo@example.com', '2018-05-01', '정시', '경영학과' , '생명공학과' , '에너지공학과'. '학사', '2학기'),
    (48, 'password5', '학생', '김민재', 'F', '010-4812-6793', '서울특별시 송파구', '567-890', '2003-10-08', '232-511-423', '하나은행', 'minjae@example.com', '2018-05-01', '수시', '경영학과' , '생명공학과' , '에너지공학과'. '학사', '2학기'),
    (49, 'password5', '학생', '한서준', 'F', '010-7392-5861', '서울특별시 송파구', '567-890', '2002-03-06', '185-115-123', '국민은행', 'seojun@example.com', '2018-05-01', '정시', '경영학과' , '생명공학과' , '에너지공학과'. '학사', '2학기'),
    (50, 'password5', '학생', '오유진', 'F', '010-5678-9012', '서울특별시 송파구', '567-890', '2004-05-05', '311-245-754', '기업은행', 'yujin@example.com', '2018-05-01', '정시', '경영학과' , '생명공학과' , '에너지공학과'. '학사', '2학기'),



INSERT INTO user (user_code, user_password, user_type, user_name, gender, phone, address, address_code, birth_date, account, bank_office, bank_name, email, admission_date, admission_type, dep_name, main_major, degree, semester) VALUES
    (20231801, 'password1', '학생', '손민지', '여', '010-1234-5678', '서울특별시 강남구', '86452', '2000-01-01', '352-4456-78922', 'NH농협', '손민지', 'jackson92@example.com', '2020-03-01', '수시', '인문대학', '국어국문학과', '학사', '4학기');
INSERT INTO user (user_code, user_password, user_type, user_name, gender, phone, address, address_code, birth_date, account, bank_office, bank_name, email, admission_date, admission_type, dep_name, main_major, degree, semester) VALUES
    (20231802, 'password1', '학생', '홍은주', '여', '010-2522-4644', '서울특별시 강서구', '72434', '2000-02-02', '352-4726-73443', 'NH농협', '홍은주', 'hall56@example.com', '2020-03-01', '수시', '인문대학', '문화인류학과', '학사', '4학기');
INSERT INTO user (user_code, user_password, user_type, user_name, gender, phone, address, address_code, birth_date, account, bank_office, bank_name, email, admission_date, admission_type, dep_name, main_major, degree, semester) VALUES
    (20231803, 'password1', '학생', '윤수진', '여', '010-2643-9683', '서울특별시 강서구', '84853', '2000-03-03', '352-7272-39582', 'NH농협', '윤수진', 'wilson83@example.com', '2020-03-01', '수시', '인문대학', '사학과', '학사', '4학기');
INSERT INTO user (user_code, user_password, user_type, user_name, gender, phone, address, address_code, birth_date, account, bank_office, bank_name, email, admission_date, admission_type, dep_name, main_major, degree, semester) VALUES
    (20231804, 'password1', '학생', '이예진', '여', '010-6043-3827', '서울특별시 강서구', '30293', '2000-04-04', '352-4634-29384', 'NH농협', '이예진', 'foster47@example.com', '2020-03-01', '수시', '인문대학', '신문방송학과', '학사', '4학기');
INSERT INTO user (user_code, user_password, user_type, user_name, gender, phone, address, address_code, birth_date, account, bank_office, bank_name, email, admission_date, admission_type, dep_name, main_major, degree, semester) VALUES
    (20231805, 'password1', '학생', '임지영', '여', '010-8833-4432', '서울특별시 강서구', '72383', '2000-05-05', '352-8334-23563', 'NH농협', '임지영', 'phillips29@example.com', '2020-03-01', '수시', '인문대학', '언어인지과학과', '학사', '4학기');
INSERT INTO user (user_code, user_password, user_type, user_name, gender, phone, address, address_code, birth_date, account, bank_office, bank_name, email, admission_date, admission_type, dep_name, main_major, degree, semester) VALUES
    (20231806, 'password1', '학생', '박지원', '여', '010-8784-2505', '서울특별시 강서구', '43595', '2000-06-06', '352-3853-24854', 'NH농협', '박지원', 'murphy75@example.com', '2020-03-01', '수시', '인문대학', '영어영문학과', '학사', '4학기');
INSERT INTO user (user_code, user_password, user_type, user_name, gender, phone, address, address_code, birth_date, account, bank_office, bank_name, email, admission_date, admission_type, dep_name, main_major, degree, semester) VALUES
    (20231807, 'password1', '학생', '김나연', '여', '010-8834-2894', '서울특별시 강서구', '94534', '2000-07-07', '352-9346-02764', 'NH농협', '김나연', 'rivera44@example.com', '2020-03-01', '수시', '인문대학', '일어일문학과', '학사', '4학기');
INSERT INTO user (user_code, user_password, user_type, user_name, gender, phone, address, address_code, birth_date, account, bank_office, bank_name, email, admission_date, admission_type, dep_name, main_major, degree, semester) VALUES
    (20231808, 'password1', '학생', '최승아', '여', '010-8342-2548', '서울특별시 강동구', '15853', '2000-08-08', '352-1763-13633', 'NH농협', '최승아', 'white68@example.com', '2020-03-01', '수시', '인문대학', '중어중문학과', '학사', '4학기');
INSERT INTO user (user_code, user_password, user_type, user_name, gender, phone, address, address_code, birth_date, account, bank_office, bank_name, email, admission_date, admission_type, dep_name, main_major, degree, semester) VALUES
    (20231809, 'password1', '학생', '정민지', '여', '010-1267-3989', '서울특별시 강남구', '98343', '2000-09-09', '352-8984-23764', 'NH농협', '정민지', 'collins91@example.com', '2020-03-01', '수시', '인문대학', '철학과', '학사', '4학기');
INSERT INTO user (user_code, user_password, user_type, user_name, gender, phone, address, address_code, birth_date, account, bank_office, bank_name, email, admission_date, admission_type, dep_name, main_major, degree, semester) VALUES
    (20231810, 'password1', '학생', '박민지', '여', '010-7243-8445', '서울특별시 강서구', '23674', '2000-10-12', '352-2744-17687', 'NH농협', '박민지', 'robertson39@example.com', '2020-03-01', '수시', '인문대학', '한국어교육학과', '학사', '4학기');
INSERT INTO user (user_code, user_password, user_type, user_name, gender, phone, address, address_code, birth_date, account, bank_office, bank_name, email, admission_date, admission_type, dep_name, main_major, degree, semester) VALUES
    (20231811, 'password1', '학생', '강혜진', '여', '010-3854-9345', '서울특별시 강남구', '94574', '2000-11-11', '352-8834-23633', 'NH농협', '강혜진', 'stewart20@example.com', '2020-03-01', '수시', '인문대학', '문화인류학과', '학사', '4학기');
INSERT INTO user (user_code, user_password, user_type, user_name, gender, phone, address, address_code, birth_date, account, bank_office, bank_name, email, admission_date, admission_type, dep_name, main_major, degree, semester) VALUES
    (20231812, 'password1', '학생', '김서연', '여', '010-8344-3453', '서울특별시 강서구', '38453', '2000-12-12', '352-8354-12434', 'NH농협', '김서연', 'lee61@example.com', '2020-03-01', '수시', '인문대학', '국어국문학과', '학사', '4학기');
INSERT INTO user (user_code, user_password, user_type, user_name, gender, phone, address, address_code, birth_date, account, bank_office, bank_name, email, admission_date, admission_type, dep_name, main_major, degree, semester) VALUES
    (20231813, 'password1', '학생', '이혜진', '여', '010-8535-5353', '서울특별시 강서구', '53535', '2000-01-12', '352-3133-23533', 'NH농협', '이혜진', 'butler76@example.com', '2020-03-01', '수시', '인문대학', '사학과', '학사', '4학기');
INSERT INTO user (user_code, user_password, user_type, user_name, gender, phone, address, address_code, birth_date, account, bank_office, bank_name, email, admission_date, admission_type, dep_name, main_major, degree, semester) VALUES
    (20231814, 'password1', '학생', '장윤지', '여', '010-1231-1231', '서울특별시 강서구', '12332', '2000-12-12', '352-2343-72722', 'NH농협', '장윤지', 'cook78@example.com', '2020-03-01', '수시', '인문대학', '신문방송학과', '학사', '4학기');
INSERT INTO user (user_code, user_password, user_type, user_name, gender, phone, address, address_code, birth_date, account, bank_office, bank_name, email, admission_date, admission_type, dep_name, main_major, degree, semester) VALUES
    (20231815, 'password1', '학생', '조지현', '여', '010-2353-2762', '서울특별시 강서구', '23632', '2000-11-02', '352-5255-25622', 'NH농협', '조지현', 'jones55@example.com', '2020-03-01', '수시', '인문대학', '언어인지과학과', '학사', '4학기');
INSERT INTO user (user_code, user_password, user_type, user_name, gender, phone, address, address_code, birth_date, account, bank_office, bank_name, email, admission_date, admission_type, dep_name, main_major, degree, semester) VALUES
    (20231816, 'password1', '학생', '김민지', '여', '010-3532-1235', '서울특별시 강서구', '34645', '2000-06-02', '352-4244-41244', 'NH농협', '김민지', 'evans62@example.com', '2020-03-01', '수시', '인문대학', '영어영문학과', '학사', '4학기');
INSERT INTO user (user_code, user_password, user_type, user_name, gender, phone, address, address_code, birth_date, account, bank_office, bank_name, email, admission_date, admission_type, dep_name, main_major, degree, semester) VALUES
    (20231817, 'password1', '학생', '정예은', '여', '010-2354-6236', '서울특별시 강서구', '45756', '2000-06-21', '352-2112-21212', 'NH농협', '정예은', 'mitchell26@example.com', '2020-03-01', '수시', '인문대학', '일어일문학과', '학사', '4학기');
INSERT INTO user (user_code, user_password, user_type, user_name, gender, phone, address, address_code, birth_date, account, bank_office, bank_name, email, admission_date, admission_type, dep_name, main_major, degree, semester) VALUES
    (20231818, 'password1', '학생', '오서영', '여', '010-2522-4644', '서울특별시 강서구', '23453', '2000-03-26', '352-3453-73454', 'NH농협', '오서영', 'taylor57@example.com', '2020-03-01', '수시', '인문대학', '중어중문학과', '학사', '4학기');
INSERT INTO user (user_code, user_password, user_type, user_name, gender, phone, address, address_code, birth_date, account, bank_office, bank_name, email, admission_date, admission_type, dep_name, main_major, degree, semester) VALUES
    (20231819, 'password1', '학생', '전은지', '여', '010-2222-2222', '서울특별시 강서구', '42424', '2000-04-02', '352-5222-72222', 'NH농협', '전은지', 'hernandez14@example.com', '2020-03-01', '수시', '인문대학', '한국어교육학과', '학사', '4학기');
INSERT INTO user (user_code, user_password, user_type, user_name, gender, phone, address, address_code, birth_date, account, bank_office, bank_name, email, admission_date, admission_type, dep_name, main_major, degree, semester) VALUES
    (20231820, 'password1', '학생', '한유진', '여', '010-1111-1111', '서울특별시 강서구', '15612', '2000-12-16', '352-2222-22222', 'NH농협', '한유진', 'green83@example.com', '2020-03-01', '수시', '인문대학', '문화인류학과', '학사', '4학기');


** 



[ lecture ]

-- insert 

INSERT INTO lecture VALUES ('AAAA0002', 1,'컴퓨터공학과','공과대학', '인공지능의 입문', '필수전공', 3, '10002', '인공지능의 입문설명');



 -- update 
UPDATE user SET `dep_name` = '공과대학', `main_major` = `건축학과` WHERE (`user_code` = '3');


INSERT INTO lecture VALUES ('COMLECA', 1, '컴퓨터공학과', '공과대학', '이산수학' , '전공필수', 3, '공학관301호', '컴퓨터공학과 밀접하게 관련된 수학적 내용들에 대하여 배운다. 논리, 집합, 함수, 관계, 가산성, 조합론, 증명기법, 수학적 귀납법, 재귀함수, 재귀관계, 그래프론, 정수론 등에 대하여 다룬다. 또한, 이러한 수학적 개념들이 컴퓨터공학에서 어떻게 쓰이는지에 대해서 살펴본다.
');
UPDATE `intranet`.`user` SET `dep_name` = '공과대학' WHERE (`user_code` = '4');
INSERT INTO lecture VALUES
 ('MST2110', 4, '신소재공학과', '공과대학', '재료수학(1)' , '전공기초', 2, '공학관302호', '재료과학의 학습 및 연구에 필요한 각종 미분 방정식에 대한 이해 및 그 풀이 방법의 숙지를 그 목적으로 한다. 상미분 방정식, 편미분 방정식, 급수 해, 그리고 각종 변환 법 등에 대한 이론적 기초를 강의에서 다룰 것이다. 그리고 재료과학 분야에서 자주 접할 수 있는 각종 미분 방정식의 구체적 예제들을 적극 활용하여, 재료공학도로서 갖추어야 할 기초적인 수학적 능력 배양과 더불어 재료 시스템에서의 문제 해결과 직결되는 공학적 응용 능력의 향상에 도움을 주고자 한다.'),
 ('MST2113', 4, '신소재공학과', '공과대학', '재료열역학' , '전공기초', 2, '공학관303호', '재료의 평형 상태, 상태 방정식 개념 도입과 함께 열역학 기본 법칙을 소개하고, 이의 이해를 기반으로 열역학 기본 법칙을 materials processing 관련 화학 반응, 상변화 등에 응용하여 재료 및 반응의 열역학적 특성을 분석할 수 있는 능력을 배양하도록 강의함.'),
 ('GUNCWOFY', 3, '건축학과', '공과대학', '건축학개론' , '전공기초', 2, '건축관101호', '건축에 입문하는 과목으로 향후 건축의 전문분야를 세부적으로 공부하는데 밑거름이 되는 흥미롭고 기초적인 내용을 폭넓게 다룰 것이다. 건축은 복잡다기한 요소가 관계되어 있는 실무적이고 응용적인 학문이다. 따라서 건축의 입문단계에서 이러한 다양한 관련분야를 접하고 전반적인 이해를 도모할 필요가 있다. 이와 같은 배경 하에 이 과목에서는 건축의 의의와 목적, 건축에 관련된 제반 분야의 개요, 건축행위의 내용과 과제, 건설의 최신 동향 및 기술/공법 등에 이르기까지 전반적인 내용을 포괄적으로 다룬다.'),
 ('GUNCELWK', 3, '건축학과', '공과대학', '디지털 건축 디자인' , '전공필수', 3, '건축관102호', '건축을 표현하는 다양한 수단 중에서 컴퓨터를 이용한 방법은 효율적이고 편리하다. 건축에서 컴퓨터를 사용하는 것은 단순히 도면 작도를 편리하게 하는 것 이상을 의미하며, 건축개념을 표현할 수 있는 새로운 방법을 제시하고 있다. 따라서 디지털 건축 디자인 수업을 통해 건축과정내에서 이용 될 수 있는 컴퓨터 활용기법, 관련 디지털 이론 및 컴퓨터 소프트웨어의 이용방법 등을 익힐 수 있도록 한다.'),
 ('GUNCRNWH', 3, '건축학과', '공과대학', '구조역학1' , '전공필수', 3, '건축관103호','건축공학전공에서 가장 필수적인 구조역학의 기초과목이다. 본 과목에서는 건축구조물을 대상으로 정정구조물의 탄성해석방법을 배움으로서 기본적인 역학적 분석 능력을 갖도록 하며 구조물에 외부에서 외력이 작용할 때 구조물이 어떻게 거동하는지를 이해하는데 필수적인 역학의 내용을 습득하게 된다. 이 과목의 내용을 이해함으로서 건축물의 공학적인 안전성과 사용성 및 경제성의 중요함과 의미를 이해할 수 있으며 향후 건축기사와 기술사의 취득에 필요한 기초적인 지식을 습득하며 졸업 후 건축공학분야에서 발생할 수 있는 다양한 문제에 대처할 수 있는 지식을 습득한다');
 
 INSERT INTO lecture VALUES
 ('HCC04501', 10, '국제통상학과', '경영대학', '글로벌경제론' , '전공기초', 2, '무역관101호', '국가간 노동과 자본의 이동'),
 ('HCC04426', 10, '국제통상학과', '경영대학', '다국적기업론' , '전공필수', 3, '무역관102호', '글로벌 마케팅 전략에 대한 이해');
 
 INSERT INTO lecture VALUES()
 ('ECON1111', 11, '경제학과', '경영대학', '경제원론1' , '전공기초', 2, '경영관101호', '경제생활의 기본적 현상에 대한 이해, 시장경제체하에 서의 가격의 자원배분기능, 소득분배, 국민소득수준의 결정과 변동, 국제무역과 국제수지, 경제발전, 경제문제 해결을 위한 정부의 역할 등을 다룬다.'),
 ('ECON3434',11, '경제학과', '경영대학', '국제금융론' , '전공필수', 3, '경영관102호', '국제금융론은 국제금융에 대한 이론과 실제를 이해하는 과목이다. 전반부에서는 외환시장의 기능과 운용, 그리고 환율의 결정이론과 실제 형태를 배운다. 특히 환율의 급변요인과 위험요인을 살펴봄으로써 외환시장의 효율성을 다룬다. 후반부에서는 국제수지의 기본 개념과 그 조정과정을 배운다. 이를 통하여 개방·국제화 시대에 처해진 우리 경제가 급변하는 세계경제에 어떻게 대처하고 대외 균형달성을 위한 적절한 정책이 무엇인지를 이해·비판할 수 있는 능력을 기른다. 이와 함께 자본시장 개방의 속도와 과정, 그리고 그것이 국민 경제에 미치는 영향을 이해하기 위해 국제자본 이동이론과 국제금융시장을 살펴본다.');

INSERT INTO lecture VALUES
 ('KL03032', 16, '국어국문학과', '인문대학', '현대문학입문' , '전공선택', 2, '인문관201호', '현대문학엔 대한 이해를 바탕으로 심층적인 토론'),
('KL02003', 16, '국어국문학과', '인문대학', '국어학입문' , '전공필수', 3, '인문관202호', '1) 통계를 통해 본 자연언어의 모습 2) 인간과 언어'),
('KL03019', 16, '국어국문학과', '인문대학', '한문학 작품 읽기' , '전공필수', 3, '인문관203호', 'Introduction to Korean Literature');

INSERT INTO lecture VALUES
 ('ENGM2168', 2, '영어영문학과', '인문대학', '대학영어 1' , '전공선택', 2, '교육관201호', '본 강좌의 목적은 말하기, 듣기, 읽기, 쓰기의 영역을 모두 다룸으로써 학생들의 영어 의사소통 능력은 물론 통합적인 사고능력을 향상시키는데 있다.'),
('ENGM2169', 2, '영어영문학과', '인문대학', '영어영문학주제연구' , '개별적인 학위논문 준비작업과 병행하거나 그에 선행하여 영어영문학의 연구방법을 각자의 전공분야와 연관시켜 심도 있게 검토함으로써 박사과정 연구의 전반적인 수준을 향상시키고 논문준비 작업의 효율성을 높이는 것을 목표로 한다.');


INSERT INTO lecture VALUES
 ('AE071718', 57, '일어일문학과', '인문대학', '초급일본어회화' , '전공선택', 2, '인문관301호', '기초적인 일본어 회화로 학습에 대한 흥미를 향상시킨다.'),
 ('AE071719', 57, '일어일문학과', '인문대학', '글로벌일본기업연구' , '전공필수', 3, '인문관302호', '이슈 정리(지속가능, 미래산업, 캐쉬리스 사회, 메타버스, 한국과의 관계 등)'),
 ('AE071720', 57, '일어일문학과', '인문대학', '한일본의 문화콘텐츠' , '전공필수', 3, '인문관303호', '일본 콘텐츠 산업정책');
 
 INSERT INTO lecture VALUES
 ('CHINA001', 57, '중어중문학과', '인문대학', '중국어교과 논리 및 논술' , '전공선택', 2, '인문관401호', '이 과목은 교직에 진출할 전공자들을 위해 개설되는 교직 교과목으로, 중국어 교과의 논리 및 논술 교육을 위해 개설된 과목이다. 특히 교육 및 학습과 관련하여 창의성 발달 지도에 중점을 두며 교과과정, 평가방법, 교수법 등을 폭넓게 다룰 것이다.'),
('CHINA002', 58, '중어중문학과', '인문대학', '중국의 대중문학' , '전공선택', 2, '인문관402호', '이 교과목은 역대로 중국인들에게 친숙하게 읽혔던 대중문학 작품들을 대상으로 하여, 먼저 개론적인 이해를 위하여 대중문학의 의미 및 가치, 사회적 전후상황 등에 대해 살펴볼 것이며, 이후 개별적인 작품에 대한 심화된 접근과 부분적 강독이 이루어진다. 다루어지는 작품은 주로 소설과 희곡 장르에서 선별된다. 이 과정에서 학생들은 중국문학의 주요한 면모의 일부를 심도있게 학습하는 기초를 마련한다.'),
('CHINA003', 58, '중어중문학과', '인문대학', '중국인의 언어와 문화' , '전공필수', 3, '인문관403호', '중국인이라는 사람을 기준으로, 그들이 사용하고 있는 언어라는 면에 착안하여 사람이 살면서 보이는 문화적 특징을 가미하여 언어를 설명하고자 한다. 이를 위해 중국어의 기본적 특징을 우선 습득하고, 이를 토대로 중국내의 소수민족의 언어와의 비교, 표준어와 방언의 비교, 한장어계의 비교 및 한국인으로서 중국어를 배울 때 나타나는 특징 등을 골고루 적용하여 중국어에 대한 이해의 폭을 넓히고자 한다.');

INSERT INTO lecture VALUES
 ('CHKA0001', 17, '철학과', '인문대학', '정치경제철학 입문' , '전공선택', 2, '인문관301호', '이 강의는 학생들에게 정치, 경제, 철학을 통합적 사고의 틀에서 접근할 수 있도록 정치학, 경제학, 철학의 기본적인 개념과 분석틀을 소개한다. 수업은 정치, 경제, 철학의 기초개념들을 중심으로 이러한 개념들을 소화하기에 적당한 주요 고전들을 읽고 토론하는 세미나 형식이 될 것이다.'),
('CHKA0002', 17, '철학과', '인문대학', '서양철학의 이해' , '전공필수', 3, '인문관302호', '본 교과목의 목표는 철학적 문제의 본질적인 성격을 해명하고 중요한 철학적 주제들을 검토하면서 철학이 어떤 학문인가를 살펴보는데 있다. 본 교과목의 강의 내용은 크게 2부로 나뉘어진다. 강의의 서두에 해당하는 제1부에서는 철학에 대한 일반적이며 예비적인 고찰이 이루어진다. 강의의 제2부의 목표는 서양철학의 중요한 주제들을 검토하면서 제1부에서 이루어진 철학에 대한 일반적이며 예비적인 이해를 보다 더 구체화하고 심화시키는데 있다.');

INSERT INTO lecture VALUES
 ('HIST0001', 18, '사학과', '인문대학', '동서교류사연구' , '전공선택', 2, '교육관301호', '동양과 서양의 문화 교류를 매개한 중앙아시아 지역을 중심으로 어떻게 다양한 문화가 실크로드를 통해서 전해졌는가 하는 점을 이해하는 것을 본 강의의 목적으로 한다. 따라서 동양 사회에 보이는 서양의 다양한 문화 요소가 그 사회의 변화에 어떤 영향을 가져왔고, 또한 반대로는 어떤 양상을 보였는가 하는 점을 이해한다. 이를 위해 동서 교류와 관련된 사료를 정리하여 이해하고, 논저를 정리하고 심화 학습함으로써 단순히 동서의 교류에서 끝나는 것이 아니라 구대륙을 중심으로 한 하나의 세계사상을 이해하는데 노력한다.'),
('HIST0002', 18, '사학과', '인문대학', '서양근대사연습' , '전공필수', 3, '교육관302호', '서양근대사의 이해에 필수적이라고 판단되는 문헌(특히 사료)을 택하여 분석하고 그 문헌과 관련된 연구동향과 관련지어 비판하고 종합함으로써 역사연구방법을 익히게 한다.');

INSERT INTO lecture VALUES
 ('NEWS0001', 19, '신문방송학과', '인문대학', '문화컨텐츠의 이해' , '전공선택', 2, '사학관401호', '본 강좌는 정보문화학의 두 축 중 하나인 문화기술에 대한 기초과정이다. 대중문화와 문화산업에 대한 소개와, 이를 통해 유통되는 다양한 문화컨텐츠를 분류하고 이의 속성을 살펴본다. 또한 문화컨텐츠를 미디어기술, 미디어표현, 미디어문화의 측면에서 고찰해 본다.'),
 ('NEWS0002', 19, '신문방송학과', '인문대학', '비주얼라이제이션', '전공필수', 3, '사학관 402호', '비주얼라이제이션은 컨텐츠의 시각화 과정을 탐구하는 수업이다 . 수강자들은 본 과목을 통해 비언어적 커뮤니케이션의 방법론적 접근과 이를 활용한 다양한 메시지 전달 프로세스를 경험하게 된다. 수업은 기초시각이론, 시각화 방법론 및 DATA와 텍스트의 시각화 연습으로 구성되며 최종적으로 이미지와 텍스트의 인터랙션 과정을 다루게 된다 . 학생들은 일반 프레젠테이션 프로그램과 기본적 FLASH기술을 사용하게 되며, 기초적 TOOL사용을 위한 특강이 수업초반에 제공된다.');

INSERT INTO lecture VALUES
 ('MUNH0001', 59, '문화인류학과', '인문대학', '진화와 인간사회' , '전공필수', 3, '사학관101호', '인간 진화생물학과 현대의 문화적 제도와 관념의 관계 그리고 현대의 기술발전에 의해 새롭게 인간에게 제기되는 문제들을 진화생물학과 인문-사회과학을 아우르는 종합적 관점으로 살펴본다. 구체적으로 다루는 주제들은 인간보편성과 문화다양성, 본성과 양육, 인종과 인종주의, 성과 성차, 인간과 먹을 것, 아름다움과 몸 가꾸기, 인간과 질병, 도덕성과 사회생활, 인간의 가족생활, 생명과학기술과 인간성 등이다.'),
('MUNH0002', 59, '문화인류학과', '인문대학', '인류학사' , '전공필수', 3, '사학관 102호', '이 과목은 인류학의 다양한 학설들이 발전해 나온 과정에 대한 검토를 통해 인류학이라는 학문이 지닌 특성과 인류학의 주요 개념이나 이론, 그리고 방법들에 대한 학생들의 전반적 이해를 높이는 것을 목표로 한다. 이를 위해 이 과목에서는 서구 학문에서 인류학이 하나의 분과학문으로서 등장하게 된 역사적 배경을 살피고, 이어 19세기 후반의 진화주의 이래로 20세기말까지 긴 세월 동안 인류학계를 풍미한 다양한 이론적 조류들에 대해서 각각을 대표하는 학자들의 업적에 대한 비교 고찰을 통해 각 조류가 지닌 특성을 파악한다.');

INSERT INTO lecture VALUES
 ('KORE0001', 60, '한국어교육학과', '인문대학', '국어교육논문작성의기초' , '전공선택', 2, '사범관101호', '본 강좌는 논문 작성을 위한 기초적인 지식과 연구 방법을 교육 내용으로 하는 공통과목으로, 국어교육 및 한국어교육 전공 대학원생의 논문 작성법 탐구를 목표로 개설된다. 특히, 국어교육과 한국어교육을 아울러 세부 전공 간 융합적인 연구 주제를 논의함으로써 창의 융합 시대 (한)국어교육 연구의 역량을 강화한다. 학생들은 (한)국어교육 논문을 작성하기 위한 학술적 글쓰기의 장르 관습을 습득하고, 학술적 글쓰기의 절차 및 방법을 학습한다. 이를 통해 자료 분석과 수집, 해석, 평가, 분석 등의 논문 작성법을 습득한다.'),
('KORE0002', 60, '한국어교육학과', '인문대학', '한국현대문학사교육론' , '전공필수', 3, '사범관102호','이 강좌는 한국문학사를 개괄하여 우리 문학에 대한 이해를 높이는 것을 목적으로 한다. 근대 이후의 문학에서 전후와 현대 문학에 이르기까지 다양한 우리 문학작품들을 섭렵하고, 통시적인 안목을 기를 수 있도록 한다. 특히 현대문학 작품을 대상으로 국어교육의 현장에서 효과적으로 교수-학습할 수 있는 능력을 배양한다.'),
('KORE0003', 60, '한국어교육학과', '인문대학', '국어교수학습론' , '전공필수', 3, '사범관103','국어교육에서 중요시되어야 할 세 요소는 국어, 교사, 학습자로 요약되며 교사는 학습자로 하여금 스스로 언어 사용 능력을 신장할 수 있도록 언어를 통한 사고력 형성에 조력자의 역할을 하는 것이 중요하다. 따라서 교수와 학습이라는 측면은 교수법차원을 넘어선다. 국어를 [가르친다]는 측면과 [배운다]는 측면에서 고려되어야 할 요인과 방법, 지향점 등에 대해서 기존의 논의들을 비판적으로 검토하고 새롭게 구조화하는데 초점을 맞춘다.');

INSERT INTO lecture VALUES
 ('LANG0001', 20, '언어인지과학과', '인문대학', '인지신경과학연습' , '전공선택', 2, '사범관201호', '이 교과의 목적은 인지과정의 신경적 기초에 관련한 인지신경과학 분야의 최근 연구를 개괄한다.'),
('LANG0002', 20, '언어인지과학과', '인문대학', '인지과학실험설계 및 통계분석' , '전공선택', 2, '인문관202호', '본 강좌는 인지과학의 과학적 연구방법론으로서, 실험적 연구방법론에 대한 이해를 높이고, 다양한 연구 주제를 실험적 방법에 의거하여 연구 및 분석을 행할 수 있는 과학적 연구능력을 배양하는 것을 목적으로 한다. 이를 위해 실험적 방법론의 기본원리 및 다양한 실험설계 기법과 실험결과에 대한 통계분석 기법을 소개하고 이를 응용하여 자신이 구상한 실험을 설계하고 이의 결과를 분석 및 해석하는 연습을 하게 한다.');





**

[ Department ]

-- insert
INSERT INTO department (dep_name, dep_code) VALUES ('공과대학' , '01' );
INSERT INTO department (dep_name, dep_code) VALUES ('경영대학' , '02' );
INSERT INTO department (dep_name, dep_code) VALUES ('인문대학' , '03' );

** [ Major ]

-- insert 

INSERT INTO major (major_name, dep_code, major_code) VALUES ('컴퓨터공학과', '01', '01');
INSERT INTO major (major_name, dep_code, major_code) VALUES ('신소재공학과', '01', '02');
INSERT INTO major (major_name, dep_code, major_code) VALUES ('전기전자공학과', '01', '03');
INSERT INTO major (major_name, dep_code, major_code) VALUES ('건축학과', '01', '04');
INSERT INTO major (major_name, dep_code, major_code) VALUES ('기계공학과', '01', '05');
INSERT INTO major (major_name, dep_code, major_code) VALUES ('화학공학과', '01', '06');
INSERT INTO major (major_name, dep_code, major_code) VALUES ('화학공학과', '01', '07');
INSERT INTO major (major_name, dep_code, major_code) VALUES ('항공우주공학과', '01', '08');
INSERT INTO major (major_name, dep_code, major_code) VALUES ('생명공학과', '01', '09');
INSERT INTO major (major_name, dep_code, major_code) VALUES ('신소재시스템공학과', '01', '10');
INSERT INTO major (major_name, dep_code, major_code) VALUES ('에너지공학과', '01', '01');

INSERT INTO major (major_name, dep_code, major_code) VALUES ('경영학과', '02', '01');
INSERT INTO major (major_name, dep_code, major_code) VALUES ('국제통상학과', '03', '02');
INSERT INTO major (major_name, dep_code, major_code) VALUES ('경제학과', '02', '03');
INSERT INTO major (major_name, dep_code, major_code) VALUES ('회계학과', '02', '04');
INSERT INTO major (major_name, dep_code, major_code) VALUES ('마케팅학과', '02', '05');
INSERT INTO major (major_name, dep_code, major_code) VALUES ('금융학과', '02', '06');
INSERT INTO major (major_name, dep_code, major_code) VALUES ('스포츠경영학과', '02', '07');
INSERT INTO major (major_name, dep_code, major_code) VALUES ('호텔관광경영학과', '02', '08');
INSERT INTO major (major_name, dep_code, major_code) VALUES ('정보시스템경영학과', '02', '09');
INSERT INTO major (major_name, dep_code, major_code) VALUES ('미디어커뮤니케이션학과', '02', '10');

INSERT INTO major (major_name, dep_code, major_code) VALUES ('국어국문학과', '03', '01');
INSERT INTO major (major_name, dep_code, major_code) VALUES ('영어영문학과', '03', '02');
INSERT INTO major (major_name, dep_code, major_code) VALUES ('일어일문학과', '03', '03');
INSERT INTO major (major_name, dep_code, major_code) VALUES ('중어중문학과', '03', '04');
INSERT INTO major (major_name, dep_code, major_code) VALUES ('철학과', '03', '05');
INSERT INTO major (major_name, dep_code, major_code) VALUES ('사학과', '03', '06');
INSERT INTO major (major_name, dep_code, major_code) VALUES ('신문방송학과', '03', '07');
INSERT INTO major (major_name, dep_code, major_code) VALUES ('문화인류학과', '03', '08');
INSERT INTO major (major_name, dep_code, major_code) VALUES ('한국어교육학과', '03', '09');
INSERT INTO major (major_name, dep_code, major_code) VALUES ('언어인지과학과', '03', '10');


**

[ SC Data ]



-- insert
INSERT INTO sc_data VALUES
(20231801, 'AAAA0002' , '3.5'),
(20231802, 'AAAA0003' , '2.5'),
(20231803, 'AAAA0004' ,  '4.0'),
(20231804, 'AE071718' , '3.5' ),
(20231805, 'AE071718' , '3.0'),
(20231806, 'AE071720' , '4.0'),
(20231807, 'AE071720' , '2.5'),
(20231808, 'AE071720' , '3.0'),
(20231809, 'AE071720' , '3.5'),
(20231810, 'CHKA0001' , '2.5'),
(20231811, 'CHKA0002' , '4.0'),
(20231812, 'CHKA0002', '3.5'),
(20231813, 'ECON1111' , '3.5'),
(20231814, 'ENGM2168' , '2.5'),
(20231815, 'ERHE2363' , '1.5'),
(20231816, 'ERHR1633' , '4.0'),
(20231817, 'ERHR1633' , '3.5'),
(20231818, 'GUNCELWK' , '4.0'),
(20231819, 'GUNCELWK' , '2.5'),
(20231820, 'GWEE3467' , '0.0');



**

[ SC Data 뷰 ]


-- insert
INSERT INTO sc_data (user_code, class_code) VALUES (21, 'MST2110');

